"time_s","frame_30fps","beat","kind","tier","event","sound","volume","script_frame","delta_frames","off_half_beat_ms"
"0.000","0","0.00","MUSIC","-","Teaser: riser + sub pulses (E2)","music","","0","0","0"
"0.000","0","0.00","SFX","T1","Teaser counter ramp 0-1.5, lands with green tick + glass","counter-ramp-B0","0.6","0","0","0"
"1.607","48","3.00","MUSIC","-","Hard black: music cut, room tone","music","","48","0","0"
"1.607","48","3.00","SFX","T1","Smash cut to black","smash-hit","0.85","48","0","0"
"2.143","64","4.00","MUSIC","-","Title: sub hit + Am9 pad (E2)","music","","64","0","0"
"2.143","64","4.00","SFX","T1","Title sub hit on the bar line","sub-hit","0.9","64","0","0"
"4.286","129","8.00","MUSIC","-","Kick + muted pluck enter (E4)","music","","129","0","0"
"5.400","162","10.08","SFX","T2","Dot flip sweep start","pill-flip-tick-1","0.24","162","0","43"
"5.543","166","10.35","SFX","T2","Dot flip sweep (one rising sweep)","pill-flip-tick-2","0.26","","","82"
"5.686","171","10.61","SFX","T2","Dot flip sweep (one rising sweep)","pill-flip-tick-3","0.27999999999999997","","","61"
"5.829","175","10.88","SFX","T2","Dot flip sweep (one rising sweep)","pill-flip-tick-4","0.3","","","64"
"5.971","179","11.15","SFX","T2","Dot flip sweep (one rising sweep)","pill-flip-tick-5","0.32","","","79"
"6.114","183","11.41","SFX","T2","Dot flip sweep (one rising sweep)","pill-flip-tick-6","0.33999999999999997","","","46"
"6.257","188","11.68","SFX","T2","Dot flip sweep (one rising sweep)","pill-flip-tick-7","0.36","","","96"
"6.400","192","11.95","SFX","T2","Dot flip sweep end","pill-flip-tick-8","0.38","192","0","29"
"7.500","225","14.00","MUSIC","-","Marimba melody enters, hats (E5)","music","","225","0","0"
"8.036","241","15.00","SFX","T1","User bubble whoosh","bubble-whoosh","0.7","","","0"
"8.571","257","16.00","SFX","T1","Snapshot counter ramp 8.571-9.643 (pitch-rising)","counter-ramp-B1","0.7","257","0","0"
"10.179","305","19.00","SFX","T1","Impressions lock click + glass tick","lock-glass","0.7","305","0","0"
"11.000","330","20.53","SFX","T2","One tile tick (cascade)","tile-tick","0.35","","","18"
"12.857","386","24.00","MUSIC","-","Full groove (E5)","music","","386","0","0"
"13.400","402","25.01","SFX","T2","Rows land as one sweep 13.4-14.4","row-swish","0.35","402","0","7"
"15.500","465","28.93","SFX","T2","Highlight ping on the two Friday rows","highlight-ping","0.4","465","0","36"
"17.600","528","32.85","SFX","T2","Forecast marker fill swish","bar-fill","0.4","","","79"
"18.214","546","34.00","MUSIC","-","Filter sweep up into the breath","music","","546","0","0"
"18.700","561","34.91","SFX","T1","Marker lock tick (67-69% readout)","lock-glass","0.7","561","0","50"
"19.286","579","36.00","MUSIC","-","DIP: bass + click + pad (E2)","music","","579","0","0"
"19.286","579","36.00","SFX","T2","Whip in (peak lands on the cut)","whip-peak","0.4","579","0","0"
"20.367","611","38.02","SFX","T1","Riser 20.367 to 21.438","riser-1071","0.6","611","0","10"
"20.400","612","38.08","MUSIC","-","Snare-tick rise to the crest","music","","612","0","43"
"21.429","643","40.00","MUSIC","-","Crest chord bloom, half-time kick (E6)","music","","643","0","0"
"22.500","675","42.00","MUSIC","-","CREST: full groove drops in, melody climbs with the count (E9)","music","","675","0","0"
"22.500","675","42.00","SFX","T1","Final counter ramp 22.5-24.643 (pitch-rising)","counter-ramp-final","0.6","675","0","0"
"24.643","739","46.00","MUSIC","-","Melody resolves on the tonic (Am) at the count-up lock","music","","739","0","0"
"24.643","739","46.00","SFX","T1","2,80,000 lock: glass tick","lock-glass","0.34","739","0","0"
"24.643","739","46.00","SFX","T1","2,80,000 lock: low impact","low-impact","0.36","739","0","0"
"26.000","780","48.53","SFX","T2","One tile tick","tile-tick","0.35","","","18"
"27.857","836","52.00","SFX","T1","CPM glow ping (Rs 525)","label-ping-3","0.5","836","0","0"
"30.000","900","56.00","MUSIC","-","Groove steady, pad opens (E8)","music","","900","0","0"
"31.000","930","57.87","SFX","T2","FLIP swish (Darika 4th to 1st)","sort-swish","0.42","930","0","71"
"33.750","1013","63.00","SFX","T1","Totals row lock click + glass tick","lock-glass","0.7","1013","0","0"
"34.286","1029","64.00","MUSIC","-","Bass walks, light lift (E7)","music","","1029","0","0"
"36.429","1093","68.00","MUSIC","-","Lift as the marker crosses the band","music","","1093","0","0"
"36.500","1095","68.13","SFX","T1","Marker crossing the band top","label-ping-5","0.45","1095","0","71"
"36.500","1095","68.13","SFX","T1","Marker crossing tick","green-tick","0.35","1095","0","71"
"37.400","1122","69.81","SFX","T2","CPM chip click","chip-click-2","0.45","1122","0","100"
"38.571","1157","72.00","MUSIC","-","Bass + hats (E6)","music","","1157","0","0"
"38.700","1161","72.24","SFX","T2","Ashish panel whoosh","panel-whoosh","0.42","1161","0","129"
"39.900","1197","74.48","SFX","T1","Deep insights credit coin","credit-coin","0.7","1197","0","11"
"40.900","1227","76.35","SFX","T2","Topic bars tick (one soft cue)","bar-tick","0.3","1227","0","82"
"42.857","1286","80.00","MUSIC","-","Drums thin, pad + pluck (E5)","music","","1286","0","0"
"44.000","1320","82.13","SFX","T2","Sentiment fill (tier list 44.1, frame cue 44.0)","bar-fill","0.4","1320","0","71"
"46.900","1407","87.55","SFX","T2","Negative comment card whoosh","card-whoosh","0.42","1407","0","25"
"50.500","1515","94.27","SFX","T2","Panel tick","panel-tick","0.35","","","125"
"51.429","1543","96.00","MUSIC","-","Drums drop; pad wide; melody resolves on the tonic","music","","1543","0","0"
"51.964","1559","97.00","SFX","T2","Toggle to Likers","toggle-click","0.45","1559","0","0"
"52.200","1566","97.44","SFX","T2","Roles bar morph swish","morph-swish","0.4","","","32"
"53.571","1607","100.00","SFX","T2","Toggle to Commenters","toggle-click","0.45","1607","0","0"
"53.800","1614","100.43","SFX","T2","Roles bar morph swish","morph-swish","0.4","","","39"
"55.714","1671","104.00","MUSIC","-","End card: Am(add9) chord (E2)","music","","1671","0","0"
"55.900","1677","104.35","SFX","T1","Logo hit (transient on the frame cue)","logo-hit-short","0.75","1677","0","82"
"56.200","1686","104.91","SFX","T1","Glass tail 56.2 to 59.6","glass-tail","0.6","","","50"
"57.857","1736","108.00","MUSIC","-","Chord moves to C, decays to silence at 60.000","music","","1736","0","0"